Title,Price_GBP,Availability,Category,ProductURL,TitleLength
A Light in the Attic,51.77,In stock,Poetry,https://books.toscrape.com/catalogue/a-light-in-the-attic_1000/index.html,20
Tipping the Velvet,53.74,In stock,Historical Fiction,https://books.toscrape.com/catalogue/tipping-the-velvet_999/index.html,18
Soumission,50.1,In stock,Fiction,https://books.toscrape.com/catalogue/soumission_998/index.html,10
Sharp Objects,47.82,In stock,Mystery,https://books.toscrape.com/catalogue/sharp-objects_997/index.html,13
Sapiens: A Brief History of Humankind,54.23,In stock,Nonfiction,https://books.toscrape.com/catalogue/sapiens-a-brief-history-of-humankind_996/index.html,37
The Requiem Red,22.65,In stock,Young Adult,https://books.toscrape.com/catalogue/the-requiem-red_995/index.html,15
The Dirty Little Secrets of Getting Your Dream Job,33.34,In stock,Business,https://books.toscrape.com/catalogue/the-dirty-little-secrets-of-getting-your-dream-job_994/index.html,50
The Coming Woman: A Novel Based on the Life of the Infamous Feminist Victoria Woodhull,17.93,In stock,Biography,https://books.toscrape.com/catalogue/the-coming-woman-a-novel-based-on-the-life-of-the-infamous-feminist-victoria-woodhull_993/index.html,86
The Boys in the Boat: Nine Americans and Their Epic Quest for Gold at the 1936 Berlin Olympics,22.6,In stock,History,https://books.toscrape.com/catalogue/the-boys-in-the-boat-nine-americans-and-their-epic-quest-for-gold-at-the-1936-berlin-olympics_992/index.html,94
The Black Maria,52.15,In stock,Poetry,https://books.toscrape.com/catalogue/the-black-maria_991/index.html,15
Starving Hearts (Triangular Trade Trilogy #1),13.99,In stock,Fantasy,https://books.toscrape.com/catalogue/starving-hearts-triangular-trade-trilogy-1_990/index.html,45
Shakespeare's Sonnets,20.66,In stock,Poetry,https://books.toscrape.com/catalogue/shakespeares-sonnets_989/index.html,21
Set Me Free,17.46,In stock,Young Adult,https://books.toscrape.com/catalogue/set-me-free_988/index.html,11
Scott Pilgrim's Precious Little Life (Scott Pilgrim #1),52.29,In stock,Sequential Art,https://books.toscrape.com/catalogue/scott-pilgrims-precious-little-life-scott-pilgrim-1_987/index.html,55
Rip it Up and Start Again,35.02,In stock,Music,https://books.toscrape.com/catalogue/rip-it-up-and-start-again_986/index.html,25
Our Band Could Be Your Life: Scenes from the American Indie Underground 1981-1991,57.25,In stock,Music,https://books.toscrape.com/catalogue/our-band-could-be-your-life-scenes-from-the-american-indie-underground-1981-1991_985/index.html,81
Olio,23.88,In stock,Poetry,https://books.toscrape.com/catalogue/olio_984/index.html,4
Mesaerion: The Best Science Fiction Stories 1800-1849,37.59,In stock,Science Fiction,https://books.toscrape.com/catalogue/mesaerion-the-best-science-fiction-stories-1800-1849_983/index.html,53
Libertarianism for Beginners,51.33,In stock,Politics,https://books.toscrape.com/catalogue/libertarianism-for-beginners_982/index.html,28
It's Only the Himalayas,45.17,In stock,Travel,https://books.toscrape.com/catalogue/its-only-the-himalayas_981/index.html,23
In Her Wake,12.84,In stock,Mystery,https://books.toscrape.com/catalogue/in-her-wake_980/index.html,11
How Music Works,37.32,In stock,Music,https://books.toscrape.com/catalogue/how-music-works_979/index.html,15
Foolproof Preserving: A Guide to Small Batch Jams Jellies Pickles Condiments and More,30.52,In stock,Food and Drink,https://books.toscrape.com/catalogue/foolproof-preserving-a-guide-to-small-batch-jams-jellies-pickles-condiments-and-more-a-foolproof-guide-to-making-small-batch-jams-jellies-pickles-condiments-and-more_978/index.html,85
Chase Me (Paris Nights #2),25.27,In stock,Romance,https://books.toscrape.com/catalogue/chase-me-paris-nights-2_977/index.html,26
Black Dust,34.53,In stock,Fiction,https://books.toscrape.com/catalogue/black-dust_976/index.html,10
Birdsong: A Story in Pictures,54.64,In stock,Sequential Art,https://books.toscrape.com/catalogue/birdsong-a-story-in-pictures_975/index.html,29
America's Cradle of Quarterbacks: Western Pennsylvania's Football Factory from Johnny Unitas to Joe Montana,22.5,In stock,Sports and Games,https://books.toscrape.com/catalogue/americas-cradle-of-quarterbacks-western-pennsylvanias-football-factory-from-johnny-unitas-to-joe-montana_974/index.html,107
Aladdin and His Wonderful Lamp,53.13,In stock,Classics,https://books.toscrape.com/catalogue/aladdin-and-his-wonderful-lamp_973/index.html,30
Worlds Elsewhere: Journeys Around Shakespeare's Globe,40.3,In stock,Nonfiction,https://books.toscrape.com/catalogue/worlds-elsewhere-journeys-around-shakespeares-globe_972/index.html,53
Wall and Piece,44.18,In stock,Art,https://books.toscrape.com/catalogue/wall-and-piece_971/index.html,14
The Four Agreements: A Practical Guide to Personal Freedom,17.66,In stock,Spirituality,https://books.toscrape.com/catalogue/the-four-agreements-a-practical-guide-to-personal-freedom_970/index.html,58
The Five Love Languages: How to Express Heartfelt Commitment to Your Mate,31.05,In stock,Nonfiction,https://books.toscrape.com/catalogue/the-five-love-languages-how-to-express-heartfelt-commitment-to-your-mate_969/index.html,73
The Elephant Tree,23.82,In stock,Default,https://books.toscrape.com/catalogue/the-elephant-tree_968/index.html,17
The Bear and the Piano,36.89,In stock,Childrens,https://books.toscrape.com/catalogue/the-bear-and-the-piano_967/index.html,22
Sophie's World,15.94,In stock,Philosophy,https://books.toscrape.com/catalogue/sophies-world_966/index.html,14
Penny Maybe,33.29,In stock,Contemporary,https://books.toscrape.com/catalogue/penny-maybe_965/index.html,11
Maude (1883-1993): She Grew Up with the Country,18.02,In stock,Poetry,https://books.toscrape.com/catalogue/maude-1883-1993she-grew-up-with-the-country_964/index.html,47
In a Dark Dark Wood,19.63,In stock,Mystery,https://books.toscrape.com/catalogue/in-a-dark-dark-wood_963/index.html,19
Behind Closed Doors,52.22,In stock,Mystery,https://books.toscrape.com/catalogue/behind-closed-doors_962/index.html,19
You can't bury them all: Poems,33.63,In stock,Poetry,https://books.toscrape.com/catalogue/you-cant-bury-them-all-poems_961/index.html,30
